{
  "feature_names": [
    "score_delta",
    "lines",
    "aggregate_height",
    "holes",
    "bumpiness",
    "wells",
    "row_transitions",
    "col_transitions",
    "max_height",
    "landing_height"
  ],
  "best_fit": 20705.0,
  "weights": [
    -0.4495351936530143,
    504.66171961656346,
    -8.597429481953776,
    -35.47024545804115,
    2.2386127189401828,
    -11.524622148397253,
    -5.872198904235729,
    -3.797092876526674,
    -12.004445966662104,
    3.9187445292712475
  ]
}